signal_a,signal_b,process_noise,region,risk_class
12.2636,,1.0590,Central,elevated
11.8631,12.2208,0.3064,North,elevated
,1.9223,-0.6157,Central,standard
14.2873,11.2584,20.6151,South,elevated
,8.0853,1.0185,Central,standard
8.8433,5.8463,0.2200,North,standard
5.5915,7.6911,1.8140,North,standard
,14.4588,0.2329,Central,elevated
,7.9717,1.3446,Central,standard
,3.7999,0.2668,Central,elevated
15.3039,,0.0822,North,elevated
,,-0.3746,North,standard
,8.4289,0.1744,Central,elevated
,,-1.3335,North,standard
6.1999,4.5899,-0.0113,North,standard
8.9180,10.7162,-0.5827,South,standard
,4.8463,-1.1408,North,elevated
7.5971,,-1.9771,Central,standard
,8.8959,1.5482,Central,elevated
6.3654,9.2738,-1.0844,North,standard
8.3895,8.0759,0.1854,South,standard
12.6749,,-0.9896,South,elevated
7.5205,8.8419,0.7474,South,standard
10.9026,4.3312,1.6067,North,standard
9.2179,,-0.4068,South,elevated
,8.3584,-2.0050,South,standard
7.9171,12.8340,-1.1257,North,standard
11.4344,9.5298,1.2968,North,elevated
,9.3642,0.3781,Central,standard
,,-0.8018,Central,standard
,,-0.1864,South,elevated
4.0957,3.8457,-1.1022,Central,standard
13.9763,,0.4036,South,elevated
,,2.2537,South,elevated
7.3419,4.3262,1.0399,South,standard
9.0006,,0.2468,South,standard
,3.3646,0.3421,Central,standard
13.4323,,0.7992,North,elevated
7.2640,,0.1780,Central,standard
9.2957,3.0282,-2.4915,North,standard
,,0.8751,North,elevated
,8.4102,-0.4384,Central,elevated
,17.7353,-1.0951,Central,elevated
4.9325,,-0.2351,South,standard
10.7256,,1.3369,North,elevated
,,-0.0085,Central,standard
,,-0.2451,Central,standard
10.1564,11.3571,0.2625,North,elevated
6.9434,10.7984,-0.2474,Central,standard
10.5203,,-0.1841,North,elevated
6.1655,,1.0403,South,standard
8.3370,,-1.9625,North,standard
4.3253,7.5849,-1.3378,Central,standard
2.5829,,24.3273,Central,standard
8.9848,7.0693,0.7503,South,elevated
12.5499,10.9949,1.1526,South,elevated
9.9990,8.2380,0.2699,North,standard
14.0583,5.0049,0.4977,North,elevated
,9.4591,0.5292,South,elevated
9.3939,5.9870,-0.8896,South,standard
11.4241,13.0608,-0.0922,South,elevated
,9.4842,0.5986,Central,elevated
,8.6881,0.9719,North,standard
11.6125,11.6292,24.9227,North,elevated
7.2191,10.2078,0.1329,North,elevated
7.3398,8.5096,-0.0350,Central,standard
9.8476,11.1444,0.6931,Central,elevated
11.0590,,0.1744,North,elevated
14.4052,10.0144,1.2047,South,elevated
,12.5170,0.6666,North,elevated
,10.6268,-0.4068,North,elevated
,,0.8991,South,elevated
13.2772,11.8452,0.2387,North,elevated
10.0508,9.4739,1.0404,North,elevated
11.5816,5.2799,0.1613,Central,elevated
11.0747,5.5509,-0.8112,North,elevated
7.2013,,0.4350,North,standard
14.3225,,-0.5914,North,elevated
7.6533,,-0.1062,Central,standard
11.8128,11.9809,-1.8717,Central,elevated
12.2653,13.9970,0.6335,South,elevated
12.9642,13.4544,0.3306,North,elevated
5.2516,,1.1097,Central,standard
,5.2936,1.5940,Central,standard
6.8051,2.1009,0.8011,North,standard
13.3668,,0.0028,South,elevated
,9.5761,-0.3727,Central,elevated
14.9907,10.3532,2.4667,Central,elevated
9.0903,,-1.4887,Central,standard
,11.5346,-1.9261,North,elevated
,,-0.6884,South,standard
14.2751,,-0.8443,North,elevated
11.4011,11.8850,1.4502,South,elevated
,12.5073,-1.4906,Central,elevated
8.9269,7.8891,-1.1264,Central,standard
,9.6439,0.5837,Central,standard
11.5851,6.5174,-0.4637,Central,standard
,11.5833,1.2195,South,elevated
,,-0.0220,North,standard
4.9932,,-0.0754,South,standard
11.0185,3.0529,0.0973,South,standard
,10.5513,1.2225,Central,standard
10.7109,,1.0896,North,elevated
,8.4427,-0.1208,North,standard
,2.3315,0.0608,South,standard
,7.2833,0.9302,South,standard
17.6487,8.9845,1.2260,Central,elevated
10.0517,,0.6843,North,standard
14.1551,9.5268,-0.6406,South,elevated
10.2269,,-1.9820,South,elevated
6.9168,9.3326,-0.0218,North,standard
,5.2049,-0.2205,North,standard
8.3016,,0.6437,North,standard
11.8420,11.1584,2.3902,North,elevated
7.1088,4.1669,1.5544,North,standard
,,0.8299,South,elevated
12.7892,10.6208,-0.0985,Central,elevated
9.1862,8.7643,1.1367,South,elevated
7.3328,9.5036,1.1635,Central,standard
12.7980,7.4180,-0.1656,Central,elevated
6.7391,6.3025,1.6211,Central,standard
6.0753,8.0829,-1.5980,Central,standard
,4.8784,-0.1321,South,standard
7.6240,9.0097,-0.1745,South,standard
,,-1.5751,North,elevated
,,-0.1438,Central,standard
7.4531,5.6354,-1.1660,Central,standard
,11.5231,-0.8675,Central,elevated
10.7943,,-0.3249,South,elevated
,4.6241,-0.0333,Central,standard
12.4435,11.1023,-0.9157,South,standard
,,-0.0093,South,elevated
,,1.1182,Central,elevated
6.4417,,-1.1626,South,standard
5.5054,,0.8934,South,standard
14.6252,5.6975,0.1909,Central,standard
7.9240,5.7058,0.3515,South,standard
,,-1.9911,Central,elevated
,8.4781,0.2162,South,standard
,,-0.4245,South,elevated
8.4396,5.5112,-0.4588,Central,standard
,11.4080,0.8202,South,elevated
4.3942,2.4165,2.6377,Central,standard
6.4957,6.6488,-0.3810,South,standard
,7.3076,1.3018,South,standard
,,0.6277,North,standard
9.1298,,0.1310,South,standard
,8.4323,-24.7711,South,elevated
,,0.1555,Central,standard
11.3934,12.9648,0.5150,South,elevated
,6.2764,0.0810,Central,standard
5.8427,5.6116,0.8877,North,standard
,,0.4762,Central,elevated
,,-0.7223,North,standard
8.6760,7.0244,-1.3798,Central,elevated
9.6037,,-0.0223,North,standard
,10.7970,0.6381,South,elevated
11.9777,12.9752,0.1264,Central,elevated
6.8084,8.8684,0.1952,North,standard
,,0.0767,North,standard
13.5006,6.2235,0.5734,North,elevated
13.2654,9.8479,0.7676,Central,elevated
6.0896,,-0.0295,North,standard
11.2507,,1.2013,Central,elevated
,,2.4100,Central,elevated
8.5324,3.5670,-0.5372,South,standard
,,-0.9613,Central,standard
9.1673,,0.7266,South,elevated
,8.5960,-0.6166,North,standard
7.5756,7.8597,-0.0767,South,standard
11.9621,9.5080,26.5291,North,elevated
,,-0.5098,South,standard
12.6469,12.2859,-0.0779,North,elevated
,11.7680,-1.0376,North,elevated
,9.7379,1.4577,North,standard
5.6428,,-1.3452,North,standard
11.5442,,-0.3982,Central,elevated
9.5593,12.5187,-1.2529,Central,elevated
12.8486,13.3148,0.2564,South,elevated
,9.8773,-1.2338,North,elevated
,18.7234,1.3570,South,elevated
,14.7617,0.8202,Central,elevated
,,2.6832,South,elevated
3.9193,6.6678,1.5013,North,standard
,5.1199,-0.8326,South,standard
,14.1058,-0.1684,North,elevated
6.6526,,-0.2893,Central,standard
9.3024,5.4587,-0.3648,Central,standard
13.2605,,-1.1677,South,standard
4.7674,9.8665,2.1141,South,standard
12.9790,14.2764,-1.0144,Central,elevated
,8.0161,0.0229,South,elevated
12.9262,12.6429,0.6376,North,elevated
,9.7094,1.0940,South,standard
11.2876,12.1488,0.4061,North,elevated
8.4283,8.4978,1.8735,Central,standard
6.6066,,-0.1382,South,standard
,,-0.6876,North,elevated
,8.3748,0.3095,North,elevated
8.4138,9.7354,2.2183,Central,standard
13.9707,14.1357,-0.4677,Central,elevated
11.3858,13.6143,0.0476,South,elevated
6.3085,,0.2779,South,standard
,10.6247,0.1191,Central,elevated
19.3187,11.6750,0.4332,North,elevated
14.9815,12.2669,-1.4277,South,elevated
10.3516,7.0645,-25.4526,South,standard
,,-1.4372,South,elevated
10.1322,6.7489,-0.6738,South,standard
7.3658,4.8089,-2.1681,North,standard
,10.5649,-0.0797,South,elevated
10.0464,11.7436,-0.0849,Central,elevated
8.4655,7.5886,0.7694,South,standard
3.1816,7.6332,0.3135,South,standard
,9.4953,-0.0298,North,standard
,12.4227,-0.3749,South,elevated
7.9123,5.2146,-0.7179,Central,standard
10.3493,,0.5307,South,elevated
6.8061,,0.6993,North,standard
,,0.7212,North,elevated
7.8880,,-0.3195,North,standard
15.0027,11.7277,-1.0895,South,elevated
16.7708,,-0.6123,Central,elevated
13.3795,11.2295,-0.6282,Central,elevated
,9.7189,0.3581,South,elevated
9.1091,,0.6792,South,elevated
9.0320,,0.6941,Central,standard
,7.6519,-0.7931,North,elevated
,8.7629,0.3763,North,standard
4.2796,,-1.1799,South,standard
10.8132,5.5709,-0.3394,North,standard
,4.4737,-0.4264,Central,standard
11.8204,9.9157,0.8876,Central,standard
4.3583,,-0.9269,South,standard
10.8731,,-0.3901,Central,elevated
7.8233,3.7003,-0.5465,North,standard
,,0.0539,South,standard
,10.2564,-0.1319,Central,elevated
13.1507,10.2031,0.7985,Central,elevated
,14.7724,-0.3522,South,elevated
12.1452,10.2884,0.8010,Central,elevated
7.1317,5.4732,-0.5336,Central,standard
,10.2829,0.2320,South,standard
,,-1.3769,South,elevated
,12.3621,-0.2698,South,elevated
9.5701,,-0.4641,Central,elevated
5.1926,8.2842,0.0028,North,standard
3.9495,,-0.0806,South,standard
,11.0330,-0.1310,South,elevated
6.7699,,1.9994,South,standard
,,-1.5980,South,elevated
7.5093,7.2719,-1.5909,North,standard
5.6911,,0.0136,Central,standard
11.6764,10.9316,-0.8375,North,elevated
6.7299,10.0308,-0.6475,South,standard
6.8603,2.8867,1.7101,North,standard
13.4534,3.2791,-0.6445,Central,standard
5.4293,8.6393,0.2232,South,standard
,6.8443,-0.3636,North,standard
8.9508,7.3497,-1.2126,North,standard
10.3701,,0.7603,Central,standard
,16.9832,19.5837,Central,elevated
,6.7529,-0.0355,North,standard
4.9744,5.7762,1.3867,Central,standard
13.8404,5.5991,-0.3931,Central,standard
12.6958,12.1997,1.6337,South,elevated
5.7768,10.5217,1.3862,Central,standard
7.6942,6.2960,0.1575,North,standard
10.1843,11.0912,-1.4701,North,elevated
10.9760,,-1.5330,Central,elevated
9.0486,5.6746,-0.9353,Central,elevated
6.3689,,0.3951,South,standard
12.5167,13.0106,0.3233,North,elevated
,,1.3960,North,elevated
,7.8987,-0.1507,Central,standard
11.3070,,0.3952,South,elevated
10.0033,4.3752,-0.3032,North,standard
6.0700,,0.5998,South,elevated
9.2323,,0.8328,North,elevated
,5.8378,0.3030,South,elevated
9.9602,,-0.2223,Central,standard
,15.4393,1.6935,South,elevated
13.8193,14.2578,-0.7989,Central,elevated
12.1183,,-0.6550,North,elevated
,7.6626,0.3960,Central,elevated
,,0.8738,North,elevated
10.0452,11.8042,-0.7425,Central,standard
11.0445,4.9119,-0.2041,South,elevated
13.2522,7.4658,-0.9588,Central,elevated
,6.7908,1.5678,Central,standard
10.7558,7.0668,-28.2370,North,standard
9.0651,11.1925,1.1259,North,elevated
9.7898,,-0.9024,Central,elevated
,6.0358,-0.0991,South,standard
,8.8063,-1.5048,Central,standard
8.2397,14.7330,0.1266,North,elevated
10.0628,,1.0345,North,standard
7.8289,8.8978,1.0790,North,standard
9.5490,7.9701,0.4055,Central,elevated
13.5216,5.4589,-0.1971,South,elevated
9.1338,9.1001,0.2051,North,standard
8.8469,,1.0468,North,elevated
,7.7412,-0.8242,South,standard
11.2570,,0.1340,South,elevated
15.1241,12.6877,0.6148,South,elevated
2.9284,4.7683,-0.0168,North,standard
11.0997,1.8402,0.0277,North,standard
,10.6505,-0.7825,Central,elevated
,,0.4884,South,elevated
12.0763,11.5694,-0.1054,South,elevated
6.2716,,0.7732,Central,standard
,3.4105,0.0277,South,standard
8.2399,,0.4735,Central,elevated
,12.7895,-0.3553,North,elevated
10.8818,12.8516,0.0388,South,elevated
7.2851,8.1317,0.1439,Central,standard
10.9368,12.3768,18.3601,South,elevated
10.8866,14.1508,0.5668,Central,elevated
,9.0972,-0.0673,South,elevated
12.3327,3.6734,-0.9023,North,elevated
9.3050,,-0.2385,South,standard
9.8947,,0.2202,South,elevated
,4.3914,-0.8147,North,standard
3.2844,11.3211,0.5220,South,standard
9.5362,,0.1494,South,standard
6.3605,,1.2126,North,standard
10.3098,,0.5636,South,elevated
4.0239,8.1112,0.5790,South,standard
14.5727,13.4275,0.9127,South,elevated
10.0222,11.3589,-0.3260,South,elevated
,,-0.6239,North,standard
10.8657,,-1.2270,Central,standard
,,-0.7462,South,elevated
6.8203,6.1487,-0.9453,North,standard
,,-0.3133,Central,elevated
14.0447,8.8715,-1.4891,North,elevated
,6.8235,0.2333,North,elevated
,17.4759,-1.0729,North,elevated
6.0438,,-1.7906,Central,standard
12.0332,6.3519,-0.5854,South,elevated
,,-0.5696,North,standard
11.3268,10.8033,2.5537,South,elevated
,,1.6638,South,elevated
,4.1421,-0.1086,South,standard
12.5973,,-0.2937,Central,elevated
,10.3937,0.4883,North,elevated
4.1648,,-1.2145,South,standard
14.8371,12.0597,-0.1355,North,elevated
0.4583,8.4776,-1.9503,North,standard
10.8479,,0.0418,South,standard
9.9472,,0.3144,Central,standard
7.9312,8.5883,-0.9865,Central,elevated
9.6855,11.4724,1.5369,Central,elevated
15.2961,8.7181,-0.5178,North,elevated
5.9765,,-0.1631,Central,standard
12.0087,,-0.8556,Central,elevated
12.2670,10.0784,-0.0831,North,elevated
,9.9885,0.9298,North,elevated
12.6759,14.0139,0.7457,North,elevated
8.8416,,1.4833,North,standard
10.7600,15.2460,0.4908,South,elevated
12.8108,9.3901,1.2174,Central,elevated
11.4109,11.1581,0.4363,North,elevated
,11.8934,-1.2152,Central,elevated
,10.2031,-0.3475,South,standard
7.9967,9.5549,-0.1856,North,standard
9.1375,8.5859,-1.3874,South,standard
1.9177,4.1060,-0.4644,Central,standard
,7.5186,-0.5809,South,standard
8.4871,,-1.9465,Central,standard
,7.1784,-0.4513,South,elevated
,7.5991,0.7199,South,standard
11.5877,,0.6316,Central,elevated
7.5722,,-1.1711,South,standard
9.9474,6.9605,-0.8001,North,standard
,,-0.0723,Central,standard
,8.8612,1.0264,Central,standard
,10.4021,-0.8823,North,elevated
,9.5368,-1.5260,Central,standard
12.0585,11.9084,0.3668,Central,elevated
13.0976,,-0.3685,North,elevated
9.3717,,0.4351,South,standard
6.0140,4.1513,-0.3983,Central,standard
12.7492,7.6028,-0.4304,South,elevated
,5.2728,-1.1856,Central,standard
4.8655,2.5769,0.9214,Central,standard
9.3074,5.5629,-0.1755,Central,elevated
8.0001,10.4359,-0.9829,Central,standard
16.5189,,-0.8197,Central,elevated
12.2799,,-0.4901,North,elevated
11.6569,10.8970,0.4126,South,elevated
12.0072,10.7600,-0.8551,North,elevated
,5.3937,0.3238,North,standard
4.2937,4.9779,1.5869,Central,standard
13.6675,11.6245,-0.0491,North,elevated
,5.2205,-0.5005,South,standard
,3.9940,1.2333,Central,standard
,11.6641,-0.2352,North,elevated
,5.2528,-1.4555,South,elevated
8.5548,,1.7392,Central,standard
10.8009,3.6334,0.5579,Central,standard
16.5610,,-0.8139,South,elevated
11.7503,11.7615,1.1531,North,elevated
8.1940,3.4419,1.3601,Central,standard
7.9645,10.9952,0.2367,North,standard
8.2004,,0.0422,North,standard
,6.0854,1.2793,North,elevated
7.6752,,-0.4384,Central,standard
6.3637,12.4808,-0.1025,North,standard
14.3475,13.1376,0.8451,South,elevated
6.0386,,-1.5214,Central,standard
6.1869,,1.5793,North,standard
9.2270,8.4886,2.0935,South,standard
15.0459,12.6289,1.2263,South,elevated
8.8121,12.9612,-2.2578,Central,elevated
8.8694,3.5333,19.0083,North,standard
3.8236,,0.3409,Central,standard
6.7641,,0.9880,Central,standard
4.9851,15.5471,-0.7964,Central,standard
5.4934,10.6720,0.7124,Central,standard
,5.7616,2.3313,North,standard
14.0784,15.2476,-2.7476,South,elevated
7.9064,,0.0884,South,standard
,4.9681,1.1267,North,standard
,12.5522,0.8757,North,elevated
16.8729,13.4696,-1.1101,South,elevated
,,1.5033,South,elevated
7.1874,6.1750,0.6834,South,standard
,11.6362,-0.8109,South,elevated
8.2446,6.9850,-0.5657,South,standard
7.4824,7.5802,-0.9319,Central,standard
,,-0.7269,Central,standard
7.7766,6.0073,2.2088,Central,standard
8.9532,,-0.3642,North,standard
,4.3581,0.2234,Central,standard
13.4446,12.0984,1.1968,North,elevated
10.4033,7.8780,0.6188,Central,standard
12.1367,12.2244,-0.4208,Central,elevated
15.1405,,-1.0433,South,elevated
12.7074,11.4396,1.4360,North,elevated
,,-0.7390,South,standard
8.0114,,0.4200,North,standard
,,-0.8574,North,standard
,10.6786,2.0235,South,elevated
,,0.5336,North,standard
,2.6742,0.4351,South,standard
14.6396,,1.0912,South,elevated
11.1976,,0.8674,South,elevated
5.3967,11.3605,-1.2468,Central,standard
10.2394,13.9605,-0.5908,Central,elevated
10.5592,,-2.3599,South,standard
13.3212,,-0.0136,Central,elevated
11.9158,14.1893,-0.6841,Central,elevated
,,-0.6532,North,elevated
,6.9492,-1.2301,Central,standard
,,-1.8157,Central,standard
,10.2509,-0.0793,Central,standard
12.9322,,-0.7618,North,elevated
6.1657,,-1.2795,Central,standard
,,2.1668,South,elevated
6.6776,8.9402,-1.0394,North,standard
9.8045,10.4366,0.8580,Central,elevated
,,-0.7272,South,elevated
,,-0.0781,Central,elevated
,,-0.8745,South,standard
,3.8682,0.3160,South,standard
6.8510,4.7305,-0.8164,Central,standard
8.9287,,-1.4577,Central,standard
9.5233,,-0.3013,North,standard
,6.2001,-0.3224,North,standard
10.5944,5.7268,0.0102,North,standard
,11.7651,0.4595,South,elevated
17.7358,8.7914,1.5138,Central,elevated
9.6364,1.7321,-0.3256,Central,elevated
5.0695,,-18.4538,Central,standard
,,1.0747,Central,standard
9.1491,4.0141,-0.9253,Central,standard
,13.7020,0.9217,Central,standard
8.9117,,-0.6021,Central,elevated
9.2803,6.9947,-0.9106,South,standard
,,0.2639,South,elevated
15.2216,9.2555,0.3536,North,elevated
,,1.0017,North,elevated
7.8375,,-0.5686,North,standard
6.2840,6.7559,-0.2958,South,standard
6.3945,4.4180,-0.1199,North,standard
10.3287,,0.5253,Central,elevated
5.9206,7.6931,1.0070,South,standard
,,-22.1538,Central,elevated
,1.9642,0.4067,South,standard
8.9223,6.8702,-1.0552,Central,standard
,13.1317,0.8007,North,elevated
9.6439,,-0.7852,South,standard
,7.3553,0.6851,Central,standard
11.9434,,-0.2250,South,elevated
14.9699,,0.1800,Central,elevated
14.3465,13.9158,-1.7888,South,elevated
11.1232,,-0.3322,South,standard
9.1646,3.8849,0.1426,Central,standard
,7.1243,0.0414,Central,standard
14.4476,,0.1194,North,elevated
13.2464,16.3627,0.4323,South,elevated
11.7948,,0.2306,South,elevated
,12.8104,0.1203,Central,elevated
,,0.1427,North,elevated
6.3706,13.3553,-0.0823,North,standard
10.5439,12.2199,1.0054,North,elevated
11.9153,7.9174,-0.3266,North,elevated
11.3297,5.8075,1.0657,South,standard
10.6874,16.3448,1.3735,South,elevated
4.0920,6.0988,2.0013,North,standard
12.5964,6.5649,-0.0833,North,elevated
10.4035,10.7542,1.7091,Central,elevated
14.5022,7.1451,-0.2101,North,elevated
11.1710,11.7924,-1.9488,North,elevated
11.6364,,-1.8535,North,elevated
,,1.3704,South,standard
,9.6968,-0.0252,Central,standard
,3.2540,0.9309,North,standard
,-1.8928,0.7384,Central,standard
6.6086,7.1585,-0.0285,Central,standard
,9.9650,-0.4790,South,elevated
10.6895,,0.1298,Central,standard
,6.6251,1.0299,South,elevated
6.2589,4.6150,-0.2296,Central,standard
,,1.1360,North,standard
6.6734,3.3025,0.4913,North,standard
,16.1401,0.1494,Central,elevated
,6.0883,0.0283,South,elevated
12.2502,11.4140,1.9034,North,elevated
,12.0384,-18.6269,North,elevated
,,-0.4867,North,elevated
,,-0.5654,North,elevated
8.4850,6.2764,-0.8312,Central,elevated
13.6635,,0.7633,South,elevated
9.7200,9.1007,-0.3181,Central,standard
9.3781,,-0.0853,South,elevated
11.0692,11.7374,0.3897,South,elevated
,,0.3897,North,elevated
,8.2358,-2.9263,Central,standard
13.3289,12.2588,-0.7043,North,elevated
7.2865,,1.4754,Central,elevated
,,-1.4307,Central,elevated
4.1331,7.4978,2.1265,North,standard
8.1630,,-0.9112,South,elevated
10.5743,13.3684,0.1209,North,elevated
5.8022,,0.0369,Central,standard
7.5817,8.7713,0.3072,North,standard
6.9894,8.8252,-0.1008,North,standard
12.1882,8.9063,-1.1301,Central,elevated
,,0.2937,South,elevated
,,-1.6309,South,standard
13.6822,8.9303,0.4359,North,elevated
6.9753,8.4249,-0.2085,North,standard
,6.3890,0.6552,North,standard
8.9661,,1.1112,North,elevated
,11.2349,-0.2782,North,elevated
13.1344,,-0.7025,South,elevated
,5.1332,-0.8028,North,standard
6.6404,,-1.2199,South,standard
13.9734,,2.1566,Central,elevated
5.6488,10.7814,-1.3688,South,standard
7.5920,6.6808,1.3630,South,standard
8.3048,8.4141,1.7341,North,elevated
14.4730,,24.6867,South,elevated
12.1585,,0.0278,South,elevated
9.4133,,0.9008,Central,elevated
6.6508,10.3619,-0.1705,North,standard
9.5933,3.5749,0.7630,South,standard
8.1864,,0.4563,South,standard
14.2861,,-0.3234,Central,elevated
12.4875,,-1.0790,South,elevated
16.2348,,-1.2399,Central,elevated
12.3951,5.0821,-2.1358,South,standard
,,-1.0997,North,standard
,13.0779,-0.7915,South,standard
13.5087,10.6714,-0.5958,Central,elevated
4.7360,7.1057,-0.4503,Central,standard
,6.5171,0.5764,South,standard
,,-0.2068,South,elevated
14.7395,12.2945,1.4034,North,elevated
17.1145,,0.4035,South,elevated
10.7339,,0.8158,Central,standard
,7.0456,1.5273,South,standard
,11.9421,-0.2319,North,elevated
7.6109,8.4265,0.4376,North,standard
11.4574,,0.5312,Central,standard
11.2403,6.9634,-1.6631,South,elevated
5.3879,,1.4063,North,standard
4.9083,,-0.5562,South,standard
10.4679,,-0.1957,Central,standard
,,-2.0924,South,elevated
12.8934,,-0.2550,North,elevated
10.7059,14.3355,0.0635,North,elevated
10.6552,5.9454,-0.7681,South,standard
14.0671,,-0.3742,South,elevated
9.0409,,-1.4514,North,standard
12.0118,12.0567,-1.1292,Central,elevated
7.2503,7.6883,-0.0868,North,elevated
,12.0426,0.4132,North,elevated
12.9798,,1.2127,South,standard
,,1.1124,Central,standard
8.1965,14.4701,1.0612,North,elevated
,,-0.7008,North,elevated
9.3829,5.1032,-19.6670,South,standard
,4.1428,0.4207,Central,standard
7.9678,,1.5099,North,elevated
9.5647,,-0.8659,North,elevated
,9.7841,0.5369,North,elevated
11.1245,17.4418,-0.5924,North,elevated
,2.2428,0.5187,North,standard
,,-0.0760,North,elevated
,9.0556,0.0182,North,standard
11.0384,11.8674,0.3624,North,elevated
14.5526,8.8783,-1.2487,South,elevated
7.5318,5.5806,0.5396,Central,standard
11.7593,13.7921,0.2622,North,elevated
15.0398,,-0.0938,Central,elevated
6.7049,,0.6885,Central,standard
11.6753,,-0.0037,Central,elevated
11.3363,13.8210,0.2240,North,elevated
,,-1.1399,North,standard
8.5562,7.0025,-0.4907,Central,standard
,7.4917,0.4995,North,standard
7.2749,,-0.6428,South,standard
14.9767,12.4260,-0.2477,Central,elevated
15.3019,,0.2019,North,elevated
,8.3435,-0.8700,Central,elevated
9.6613,4.6615,-0.9272,South,standard
15.1017,11.9860,0.6171,Central,elevated
12.2853,9.9459,-0.6587,Central,elevated
14.9897,13.0144,0.2822,South,elevated
11.5233,,0.8947,Central,standard
,4.0276,0.5416,Central,standard
,,-0.2236,North,standard
6.2875,5.6060,-0.9246,North,standard
,6.3041,-0.6845,South,standard
5.4668,,2.6576,North,standard
15.7198,,-1.1333,Central,elevated
7.7829,10.2313,-1.5620,North,standard
,,0.0979,North,standard
,9.5626,-2.0054,North,elevated
6.6097,,-0.5810,North,standard
11.9890,9.9168,-1.0224,North,elevated
7.0154,,-0.4770,South,standard
9.7995,12.8976,0.8998,South,elevated
11.3201,6.4331,0.6989,Central,elevated
,2.5634,0.3111,North,standard
6.8529,,2.3828,North,standard
13.0319,9.8454,-0.6449,Central,elevated
11.8309,,0.7058,South,elevated
9.7824,,-0.0812,North,elevated
12.3807,12.7356,0.1514,South,elevated
10.6327,8.6792,-1.6220,North,elevated
4.4487,8.8128,0.6617,South,standard
,,-0.4957,South,standard
7.5457,3.4644,0.4622,South,standard
13.5384,10.2130,-0.5086,North,elevated
,12.8890,-20.3190,South,elevated
5.3158,6.4514,1.3633,Central,standard
9.3084,16.7738,0.6506,Central,elevated
12.4975,6.2070,-1.8649,North,standard
,9.5453,-24.9715,South,elevated
,,0.5917,North,elevated
,8.2202,0.2521,North,elevated
12.1097,,-1.7038,North,elevated
12.0533,12.7769,0.6223,North,elevated
6.4488,9.0448,-0.1277,South,standard
3.5566,4.3792,0.0814,South,standard
10.1019,7.4926,2.3003,Central,elevated
11.9105,,-0.2180,North,elevated
,15.2202,1.2250,Central,elevated
,7.5325,-0.2796,South,standard
12.7153,11.3055,0.0673,Central,elevated
,10.2805,-0.8297,Central,elevated
7.4466,9.9163,-0.5403,South,standard
13.0767,12.4471,-0.6157,North,elevated
4.8037,,17.9896,North,standard
,,-0.8641,North,standard
8.9031,,1.2973,North,elevated
10.4988,,-1.0265,Central,standard
11.2959,11.9260,-0.5096,North,elevated
10.5315,15.1018,-0.4303,North,elevated
11.4273,3.4462,-1.4648,South,standard
,5.6151,0.1796,North,standard
,,-0.7440,Central,standard
,6.2011,0.5088,North,standard
17.3132,,1.5533,North,elevated
6.1411,8.7951,-0.6319,Central,standard
9.5492,,-0.1092,North,standard
9.2778,6.5865,1.4008,South,standard
6.4906,6.2496,-0.1248,North,standard
,7.5966,-0.2500,Central,standard
5.5880,5.6116,-1.1394,North,standard
4.7327,0.8619,-0.1233,South,standard
10.1216,,0.6395,South,elevated
9.2450,,-0.6489,South,standard
8.4871,3.6329,-0.0838,Central,standard
9.1595,10.9836,-1.1346,South,standard
,15.3207,0.3358,North,elevated
7.8188,6.6096,-0.1926,South,elevated
,8.4085,-0.0820,North,elevated
7.0619,11.7324,-0.8832,Central,standard
,,1.3468,Central,elevated
,,1.1308,North,standard
9.9047,,-0.5469,North,standard
12.6984,10.2928,0.6050,South,elevated
,7.1748,1.5704,Central,elevated
10.6879,13.1247,0.5997,North,elevated
13.7381,11.0439,-0.3950,South,elevated
9.5805,6.9696,-1.6503,North,elevated
,,-0.5683,North,standard
9.2932,8.2713,1.5911,South,standard
6.4011,3.2496,-0.0594,South,standard
,8.1784,0.4885,North,elevated
9.4866,5.7846,-1.4074,South,elevated
,,-1.9309,South,elevated
12.7615,,0.3586,Central,elevated
12.0561,12.6694,-0.2187,Central,elevated
12.0211,9.9525,0.4125,Central,elevated
6.0499,2.4497,0.4435,Central,standard
16.7238,8.2428,-2.2845,North,elevated
12.8338,7.8442,-0.9330,Central,elevated
8.4919,9.7538,0.1914,South,standard
,9.1484,-2.7489,Central,elevated
11.9122,17.2076,-1.3716,South,elevated
16.3739,6.1879,0.1491,Central,elevated
,5.7694,24.0133,South,standard
,,18.8304,Central,elevated
5.6109,3.5767,-0.3280,South,standard
7.4287,,-24.0753,South,standard
17.1150,13.7981,-0.0636,South,elevated
,6.6044,-1.6967,North,standard
,4.0369,0.8319,North,standard
,6.6154,0.2328,North,elevated
5.5490,,-0.1185,South,standard
13.3425,,-0.0778,Central,elevated
,13.2169,1.0792,North,elevated
,4.0817,-0.0383,South,standard
8.4017,8.0066,0.0433,North,standard
8.7465,6.6646,0.4214,South,standard
9.2991,9.5589,0.1897,Central,standard
11.8971,7.8233,1.5815,North,elevated
9.5470,6.1037,1.3021,Central,standard
8.3083,10.3814,0.9539,Central,standard
13.6244,9.3899,-1.3382,South,standard
,,1.9826,North,standard
8.5646,8.8304,0.4766,Central,standard
6.9318,7.0788,-0.2448,South,standard
13.3630,8.9036,-0.1711,Central,standard
13.0129,15.5762,-0.0137,North,elevated
9.3523,12.8152,0.8379,North,standard
,,0.0978,South,elevated
8.7913,11.6703,0.3512,South,elevated
6.0542,4.8252,26.4467,North,standard
,9.4445,0.7095,Central,elevated
13.8247,,-1.5060,Central,elevated
,7.9281,-0.9991,Central,standard
,5.6222,-1.4002,South,standard
,10.5059,-1.2156,South,elevated
13.3695,10.8194,0.9355,Central,elevated
,10.7439,0.7021,North,standard
7.0264,7.2043,-1.4109,Central,standard
,11.6679,-0.3607,Central,elevated
,5.0758,1.5552,Central,standard
7.4081,2.8739,0.7522,South,standard
8.3812,6.1299,0.7889,Central,standard
4.8762,,-0.1233,South,standard
8.8503,,-0.0621,North,standard
,7.8560,0.9519,South,elevated
7.9548,4.6839,1.0165,South,standard
10.7560,,1.1795,Central,elevated
8.4090,1.3924,2.8549,South,standard
6.6638,7.6954,1.5036,Central,standard
4.8980,11.7637,0.7331,South,standard
12.8928,8.3568,1.3816,Central,elevated
14.8825,,-0.5911,North,elevated
10.4477,,-0.0589,Central,elevated
7.2198,,-0.6537,North,standard
,11.6148,-1.8307,South,elevated
8.0872,12.1504,-0.4247,Central,elevated
12.2402,12.9861,0.9167,Central,elevated
,,-0.0470,South,standard
14.6418,,0.3753,South,elevated
7.7085,,-1.2524,Central,elevated
12.6642,,-0.9573,North,elevated
5.2833,8.2510,-0.5687,South,standard
6.2034,,0.8205,North,standard
14.2046,,0.3793,Central,elevated
11.3686,,0.7107,South,elevated
14.3058,,-0.9731,North,elevated
,,0.6159,South,elevated
,9.5973,0.7541,South,elevated
7.0892,10.1344,-1.7599,Central,standard
20.2117,11.8583,1.4939,South,elevated
,2.2621,-20.9488,South,standard
,3.0313,0.1674,South,standard
,5.7855,-1.2390,Central,standard
,,-1.1755,South,elevated
,6.0316,0.2041,Central,standard
6.0001,5.6036,-0.1627,Central,standard
,,0.8153,North,standard
,7.5182,1.7427,South,standard
11.9438,11.1180,0.7753,Central,elevated
12.0736,,0.5552,South,elevated
,6.4935,-0.4352,North,standard
10.6240,,-0.8816,North,elevated
12.8805,,1.6547,Central,elevated
,,0.6593,South,elevated
10.7770,14.4557,0.0612,Central,elevated
7.0726,5.9534,-0.6245,Central,standard
,6.8919,-0.1853,South,elevated
15.5396,12.8434,1.3089,South,elevated
11.6299,8.8457,-0.7814,South,standard
,3.1691,1.6654,Central,standard
11.8409,10.2180,0.3569,Central,elevated
9.6458,10.2629,1.4298,Central,elevated
7.4928,7.3949,-0.7047,South,standard
,10.6670,0.9523,North,elevated
,5.3477,0.8207,South,standard
13.7429,,0.1132,South,elevated
,4.4470,-0.3380,North,standard
15.6812,14.7210,0.0615,North,elevated
6.5011,,1.5042,Central,standard